sno,year,name,Rating,hour
1,2003,Dinosaur Planet,4.9,3
2,2004,Isle of Man TT 2004 Review,1.2,3
3,1997,Character,4.5,3
4,1994,Paula Abdul's Get Up & Dance,3.7,3
5,2004,The Rise and Fall of ECW,3.4,1
6,1997,Sick,4.9,3
7,1992,8 Man,3.6,3
8,2004,What the #$*! Do We Know!?,3.3,2
9,1991,Class of Nuke 'Em High 2,4.9,1
10,2001,Fighter,4.7,1
11,1999,Full Frame: Documentary Shorts,3.7,2
12,1947,My Favorite Brunette,4.3,1
13,2003,Lord of the Rings: The Return of the King: Extended Edition: Bonus Material,4.9,2
14,1982,Nature: Antarctica,1.7,1
15,1988,Neil Diamond: Greatest Hits Live,3.4,2
16,1996,Screamers,1.3,3
17,2005,7 Seconds,3,1
18,1994,Immortal Beloved,4.9,1
19,2000,By Dawn's Early Light,2.7,3
20,1972,Seeta Aur Geeta,2.2,3
21,2002,Strange Relations,3.9,2
22,2000,Chump Change,2.3,2
23,2001,Clifford: Clifford Saves the Day! / Clifford's Fluffiest Friend Cleo,4.6,1
24,1981,My Bloody Valentine,1.1,1
25,1997,Inspector Morse 31: Death Is Now My Neighbour,4.1,2
26,2004,Never Die Alone,4,2
27,1962,Sesame Street: Elmo's World: The Street We Live On,3.2,2
28,2002,Lilo and Stitch,1.3,1
29,2001,Boycott,1.1,1
30,2003,Something's Gotta Give,4.8,3
31,1999,Classic Albums: Meat Loaf: Bat Out of Hell,2.8,3
32,2004,ABC Primetime: Mel Gibson's The Passion of the Christ,3.7,1
33,2000,Aqua Teen Hunger Force: Vol. 1,2.1,3
34,2003,Ashtanga Yoga: Beginner's Practice with Nicki Doane,2.6,3
35,2000,Ferngully 2: The Magical Rescue,4.3,3
36,1992,Lady Chatterley,1,1
37,1973,Zatoichi's Conspiracy,2,2
38,2003,Daydream Obsession,4.3,3
39,2000,Love Reinvented,4.7,1
40,2004,Pitcher and the Pin-Up,2.6,3
41,2000,Horror Vision,4,2
42,2002,Searching for Paradise,4.4,3
43,2000,Silent Service,4.5,1
44,1996,Spitfire Grill,1,3
45,1999,The Love Letter,2.8,3
46,1964,Rudolph the Red-Nosed Reindeer,3.3,3
47,1952,The Bad and the Beautiful,3.9,1
48,2001,Justice League,4.6,2
49,2003,Devo: The Complete Truth About De-evolution,4.4,2
50,1941,A Yank in the R.A.F.,2.2,3
51,2002,Jonah: A VeggieTales Movie: Bonus Material,3.4,1
52,2002,The Weather Underground,1.8,2
53,2003,The Bonesetter,2.1,1
54,1952,We're Not Married,4.8,1
55,1995,Jade,1.2,2
56,2004,Carandiru,1.2,1
57,1995,Richard III,3.1,1
58,1996,Dragonheart,3.9,3
59,2003,Sex and the Beauties,2.3,3
60,1969,The Libertine,2.2,2
61,1999,Ricky Martin: One Night Only,4,1
62,1991,Ken Burns' America: Empire of the Air,3.7,1
63,1943,Crash Dive,5,3
64,2001,Outside the Law,2.2,3
65,2000,Lost in the Pershing Point Hotel,3.1,2
66,1989,Barbarian Queen 2,4.1,1
67,1997,Vampire Journals,2.6,3
68,2004,Invader Zim,3.8,2
69,2003,WWE: Armageddon 2003,3.2,2
70,1999,Tai Chi: The 24 Forms,2.7,3
71,1995,Maya Lin: A Strong Clear Vision,5,1
73,1954,Davy Crockett: 50th Anniversary Double Feature,2.8,2
74,1999,6ixtynin9,2.1,1
75,1997,Grind,4.9,2
76,1952,I Love Lucy: Season 2,2.4,2
77,1995,Congo,4,1
78,1996,Jingle All the Way,4.4,2
79,1956,The Killing,3,2
80,1979,Winter Kills,4.3,2
81,1991,Antarctica: IMAX,4,3
82,1951,The Frogmen,1.3,3
83,1983,Silkwood,3.2,1
84,2002,The Powerpuff Girls Movie,2.9,1
85,2005,Elfen Lied,3.1,3
86,1996,Iron Monkey 2,2.5,2
87,2002,Louder Than Bombs,4,3
88,1998,Record of Lodoss War: Chronicles of the Heroic Knight,2.6,3
89,2000,Chain of Command,2.8,1
90,1951,The Lemon Drop Kid,1.1,3
91,2005,WWE: Royal Rumble 2005,3.3,1
92,2002,ECW: Cyberslam '99,3.4,3
93,2004,They Came Back,4.3,3
94,2000,G3: Live in Concert,4.8,2
95,1985,Dona Herlinda and Her Son,3.1,2
96,2000,Inside the Space Station,4.3,2
97,2002,Mostly Martha,2.1,1
98,1965,The Battle of Algiers: Bonus Material,1.2,1
99,1989,A Fishy Story,1.1,3
100,1993,Sam the Iron Bridge,2.8,2
101,1997,Complete Shamanic Princess,4.3,2
102,2004,Notre Musique,3.9,1
103,1976,Sanford and Son: Season 6,4.3,2
104,1965,The Great Race,4.5,3
105,2002,Obsessed,2.7,3
106,2004,Stevie Ray Vaughan and Double Trouble: Live at Montreux 1982 & 1985,4.7,2
107,2000,Magnolia: Bonus Material,3.7,1
108,2004,Spartan,4.6,3
109,1996,No Way Back,1.2,2
110,1989,Scandal,4.5,3
111,2003,Duplex (Widescreen),2.2,3
112,1993,The Eye of Vichy,1.1,3
113,2000,Bruce Lee: A Warrior's Journey,4.4,2
114,1989,Dominion Tank Police Part 1 & 2,2.5,3
115,1973,Lord Peter Wimsey: Murder Must Advertise,4.7,3
116,2004,Bear Cub,3.6,1
117,1957,Silk Stockings,2.8,3
118,1985,Rambo: First Blood Part II,2.8,2
119,1999,Travel the World by Train: Africa,4.5,3
120,2004,Plain Dirty,4.1,2
121,2003,Beyonce: Live at Wembley,1.9,2
122,2002,Cube 2: Hypercube,3.6,1
123,2000,Chain of Fools,2.2,1
124,2000,Cold Blooded,1.7,3
125,1981,Nighthawks,2.8,3
126,2003,Vampire Effect (aka Twins Effect),3.5,1
127,1987,Fatal Beauty,1.2,2
128,1985,Mr. Vampire,4.8,1
129,2003,Darkwolf,3.4,2
130,1999,Drowning on Dry Land,1.7,1
131,2002,Arachnid,1.8,2
132,1981,Lucio Fulci: The Beyond,2.1,2
133,2003,Viva La Bam: Season 1,3.7,2
134,1996,Spirit Lost,1.5,2
135,1998,GTO: Great Teacher Onizuka: Set 2,3.4,2
136,1927,Cat and the Canary,4,1
137,1998,Naked Lies,3.4,1
138,1995,Star Trek: Voyager: Season 1,1.3,3
139,2001,Allergies: A Natural Approach,3.7,3
140,1993,Lost in the Wild,2.4,1
141,2004,Goddess of Mercy,2,3
142,2000,The Tricky Master,4.2,2
143,1997,The Game,3,2
144,2000,Deepak Chopra: The Way of the Wizard & Alchemy,3,3
145,1978,Get Out Your Handkerchiefs,4.9,3
146,1988,Cannibal Women in the Avocado Jungle of Death,4.9,1
147,1992,Where Sleeping Dogs Lie,1.9,3
148,2001,Sweet November,4.7,2
149,2005,The Edward R. Murrow Collection,3.8,3
150,2001,Firetrap,3.2,1
151,2005,Sleepover Nightmare,3.5,2
152,1995,A Little Princess,4.9,3
153,2002,MTV Yoga,2.6,2
154,2000,Demon Warrior Koji,4.9,1
155,1975,The Strongest Man in the World,4.9,1
156,1992,Husbands and Wives,4,2
157,2004,Laird: White Knuckle Extreme,4.6,1
158,2004,A Killer Within,1.7,1
159,1971,Gentlemen of Fortune,1.7,1
160,2000,Gormenghast,2.9,3
161,1939,Ninotchka,3.1,1
162,1968,John Cleese on How to Irritate People,4.8,3
163,2002,MTV: Making the Band 2: Best of Season 1,1.4,2
164,2003,One Last Dance,2.6,2
165,1982,Richard Pryor: Live on the Sunset Strip,1.5,2
166,1980,Fame,4.7,1
167,2004,The Chorus,2.3,1
168,1983,Smokey and the Bandit Part 3,4.2,2
169,2004,Cartoon Network Halloween: 9 Creepy Cartoon Capers,3.9,1
170,1972,Tomorrow,3.9,1
171,1957,Funny Face,1.6,3
172,2003,Jack,1.5,1
173,1968,The Devil's Brigade,2.9,2
174,1968,Adam-12: Season 1,3.5,3
175,1992,Reservoir Dogs,4.4,3
176,2004,The History Channel Presents: Troy: Unearthing the Legend,4.6,2
177,2002,Pressure,3,1
178,1996,Regular Guys,2.2,3
179,2003,Bollywood Bound,1,3
180,2002,Scratch,1.7,1
181,2004,The Last Shot,2.6,3
182,2001,Moby: Play,3.1,1
183,2005,IFilm: Deranged,1.9,2
184,2004,Billy Blanks: Tae Bo: Cardio Circuit 1,4.6,1
185,1985,Missing in Action 2: The Beginning / Missing in Action 3: Braddock,2.2,2
186,1950,Panic in the Streets,1.9,2
187,2002,Death to Smoochy,1.4,2
188,2005,Dead Birds,2.2,3
189,1982,Airplane II: The Sequel,4.8,3
190,1989,Blood and Sand,4.9,3
191,2003,X2: X-Men United,1.4,3
192,2003,The SoulTaker,3.9,2
193,2005,Marilyn Manson: Fear of a Satanic Planet,4.5,3
194,1996,Arliss: The Best of Arliss,3.4,2
195,2004,Chasing Freedom,4.3,2
196,1992,Peter Tosh: Stepping Razor: Red X,2.2,2
197,2004,Taking Lives,4.6,1
198,1997,Gupt,1.3,1
199,1978,The Deer Hunter,2.6,3
200,1964,The Fall of the Roman Empire,3.1,3
201,2001,Home Movie,2.1,3
202,2001,Ruby's Bucket of Blood,1.5,1
203,1997,Sports Illustrated Swimsuit Edition: 1997,1.7,3
204,2002,Venus Boyz,2.8,3
205,2004,Troy: Bonus Material,2,2
206,2004,Unconstitutional: The War on Our Civil Liberties,1.1,2
207,2001,Denise Austin: Ultimate Fat Burner,1.9,1
208,1947,The Three Stooges: Sing a Song of Six Pants,1.3,2
209,1996,Star Trek: Deep Space Nine: Season 5,2.5,2
210,2001,Onmyoji,2,1
211,2004,The Agronomist,2.5,1
212,1982,Querelle,1.4,1
213,2001,Dinner Rush,4.9,3
214,2002,Read-Along: Beauty and the Beast,4.8,2
215,1998,That '70s Show: Season 1,1.8,3
216,2000,Impostor,4.6,3
217,1988,Cherry 2000,4.9,3
218,1983,Triumph: Live at the US Festival,3.2,3
219,1995,Neon Bible,1.1,2
220,1983,Winston Churchill: The Wilderness Years,4.6,1
221,2005,Voyage to the Planets and Beyond,2.9,3
222,1998,Yellow,2.4,1
223,2003,Chappelle's Show: Season 1,2.6,2
224,1999,Midsomer Murders: Blood Will Out,2.2,3
225,2004,The Cookout,3.7,2
226,1996,Henry: Portrait of a Serial Killer 2,3.4,2
227,2001,The Carol Burnett Show: Show Stoppers,3.1,1
228,1979,Butch and Sundance: The Early Days,4.4,2
229,2003,Peter Gabriel: Growing Up Live,3.1,3
230,1987,Unsolved Mysteries: Psychics,4.1,3
231,2002,Marooned in Iraq,4.5,1
232,1989,Gross Anatomy,2.1,1
233,1971,Chato's Land,2.1,1
234,1921,Animation Legend: Winsor McCay,3.4,3
235,1996,Unhook the Stars,4.5,2
236,1998,Cartoon Crazys Sci-Fi,3.9,2
237,1918,Broken Blossoms,2.2,1
238,1976,Led Zeppelin: The Song Remains the Same,4.9,3
239,2004,Winnie the Pooh: Springtime with Roo,3.2,3
240,1942,Woman of the Year,4.9,1
241,1959,North by Northwest,2.6,1
242,1995,Neon Genesis Evangelion: The End of Evangelion,3.6,1
243,1962,Pressure Point,2.2,3
244,2004,Stellvia,1.4,1
245,2002,Road Dogz,3.7,3
246,1968,The Boston Strangler,1.1,1
247,1994,Oleanna,3.7,2
248,2001,Michael Moore's The Awful Truth: Season 2,1.6,1
249,1958,The Hunters,1.8,2
250,1966,Cast a Giant Shadow,2.8,3
251,2000,Midsomer Murders: Strangler's Wood,2.6,2
252,2002,Stuart Little 2,1.5,2
253,1935,A Night at the Opera,4,2
254,2003,Westender,4.8,1
255,2001,The Hunchback of Notre Dame II,4,3
256,2000,Ghost Dog: The Way of the Samurai,4.7,3
257,1973,Charlotte's Web,1.3,3
258,1999,Mann,3.5,2
259,2004,Animal,4.7,3
260,1967,Marat / Sade,4.1,1
261,1948,The Big Clock,4.6,2
262,1974,Herbie Rides Again,3.6,1
263,2001,Dragon Ball: Tournament Saga,3.8,3
265,2002,The Jeff Corwin Experience: Costa Rica and the Amazon,4,3
266,2000,Saudade Do Futuro,3.4,3
267,1994,Touched by an Angel: Season 1,4.8,1
268,1980,The Final Countdown,1.3,3
269,1989,Parenthood,4.4,3
270,2001,Sex and the City: Season 4,1.2,1
271,1943,Saludos Amigos,4.3,2
272,1973,Female Yakuza Tale,3,1
273,2004,Taxi,1,3
274,2002,Crazy as Hell,4.2,2
275,2002,Evelyn,3.2,1
276,1998,Cold Harvest,1,3
277,2003,Enigma: MCMXC A.D,2.3,3
278,1990,100 Days Before the Command,2.6,2
279,1984,Micki and Maude,3.9,1
280,1998,Sarah Brightman: In Concert,2.5,1
281,1993,The Legend,3,3
282,2003,Blue Seed: Beyond,3,1
283,1996,If These Walls Could Talk,2.8,3
284,2005,Sasquatch Hunters,1.8,2
285,1997,The Devil's Own,3.9,2
286,1966,Thunderbirds Are Go,2.7,2
287,1994,Luther Vandross: Always and Forever: An Evening of Songs,4.4,2
288,2004,Saturday Night Live: The Best of Chris Kattan,2,1
289,1998,The Avengers,2.2,2
290,2004,Harold and Kumar Go to White Castle,3.7,2
291,2000,Chained Heat 3: Hell Mountain,1.4,2
292,2005,Saturday Night Live: The Best of Gilda Radner,4.9,2
293,2003,Lennon Legend: The Very Best of John Lennon,4.8,3
294,2002,Oasis,3.8,2
295,1995,Ace Ventura: When Nature Calls,1.1,2
296,2000,In His Life: The John Lennon Story,3.4,2
297,2003,The Hebrew Hammer,2.2,1
298,2002,Crunch: Pick Your Spot Pilates,2.5,2
299,2001,Bridget Jones's Diary,3.7,1
300,1997,Option Zero,3.6,2
301,2003,Hard Ground,4.4,3
302,2001,The Isle,2.9,1
303,1959,Les Liaisons Dangereuses,3.2,2
304,1997,King of the Hill: Season 1,4.8,2
305,1996,Jack,3.8,3
306,2005,Sesame Street: Sing Yourself Silly!,1.5,1
307,2002,Godsmack: Smack This!,1.7,2
308,1974,The Legend of the 7 Golden Vampires/7 Brothers of Dracula,1.4,3
309,1975,The Day of the Locust,3.1,1
310,2000,Leila,3.5,3
311,1994,Ed Wood,3.8,1
312,2000,High Fidelity,3.7,1
313,2000,Pay It Forward,2.6,1
314,1985,Saturday Night Live: The Best of Jon Lovitz,4.8,3
315,1964,Combat! Season 3: Operation 2,3.4,1
316,1999,Futurama: Monster Robot Maniac Fun Collection,1.8,2
317,1997,Mandela and de Klerk,2.7,3
318,1994,Beyond Suspicion,2.2,2
319,1987,Straight to Hell,1.4,1
320,1997,Eat Your Heart Out,1,1
321,2004,Ju-Rei: The Uncanny,3.9,2
322,1974,Flesh Gordon,1.3,1
323,1999,Modern Vampires,4.9,2
324,1994,Mother's Boys,2.8,3
325,2004,Ghosts of Rwanda: Frontline,4.5,3
326,1937,The Plainsman,4.1,1
327,1997,Storefront Hitchcock,2.9,1
328,2002,Deftones: Live in Hawaii,3.8,2
329,1999,Dogma,2.3,1
330,1998,Wild Things,3.9,1
331,1997,Chasing Amy,2.1,3
332,2002,They Crawl,2.6,2
333,2003,Mail Call: The Best of Season 2,1.9,3
334,2005,The Pacifier,3.2,3
335,1981,Fear No Evil,1.8,2
336,1978,The Driver,2.3,1
337,1983,Star 80,3,2
338,1942,The Three Stooges: Three Smart Saps,3.4,2
339,1968,Rolling Stones: Rock and Roll Circus,4.1,2
340,1998,Midnight: 2000 Seen By...,3.3,2
341,2004,Tremors 4: The Legend Begins,1.6,3
342,2001,Noir,2.7,1
343,2000,French and Saunders: Live,2.2,3
344,1967,The Taming of the Shrew,1.9,2
345,1998,Star Trek: Voyager: Season 5,2.9,1
346,2005,Up and Down,2.4,1
347,1989,Iceman Cometh,3.4,3
348,1988,The Last Temptation of Christ,1.8,2
349,1978,The Swarm,2.4,1
351,1969,Guns of the Magnificent Seven,4.8,2
352,1997,Pick a Card,3.5,2
353,2002,Life or Something Like It,3.7,2
354,1981,Sadomania,2.9,1
355,1973,Sinful Nuns of St. Valentine,4.1,2
356,2005,Look at Me,1,1
357,2003,House of Sand and Fog,3.5,1
358,1979,The Onion Field,3.4,1
359,2003,Absolutely Fabulous: Series 5,3.8,3
360,1999,Lies,4.1,3
361,2004,The Phantom of the Opera: Special Edition,2.2,3
362,2000,The Flintstones in Viva Rock Vegas,2.7,1
363,2002,Stark Raving Mad,2.5,3
364,2004,Billy Blanks: Tae Bo: Contact 2,3.2,1
365,1989,R.E.M.: Tourfilm,5,3
367,2003,Spun,2.8,2
368,1986,The Best of Designing Women,1.7,2
369,2000,Playing Mona Lisa,1.4,3
370,1918,Chaplin,3.4,1
371,1966,The Trouble with Angels,2.4,2
372,1998,Jeans,3.2,1
373,2000,Third World Cop,2.5,1
374,1976,The Little Girl Who Lives Down the Lane,1.7,1
375,2003,Nine Dead Gay Guys,1.8,1
376,2001,Genesis: The Way We Walk: Live in Concert,4.5,1
377,1979,Dick Francis: The Racing Game,4.7,2
378,2003,Party Monster,1.2,2
379,1996,Crash Dive,1.1,3
380,1992,Live Wire,4.9,3
381,1991,Out for Justice,2,3
382,2004,Buried in the Sand: The Deception of America,3.4,1
383,2001,Hit Team,1.2,1
384,1986,Crossroads,4.8,1
385,2002,The Santa Clause 2,4.6,2
386,1994,Princess Caraboo,2.1,1
387,1984,Bizet's Carmen,1.3,2
388,1990,Body Chemistry,4.5,1
389,2002,Steal,3.8,1
390,1981,The Fan,2.4,1
391,1967,The Monkees: Season 2,4.9,1
392,1993,Danielle Steel's Heartbeat,3.5,2
393,1998,The Replacement Killers,1.3,2
395,1935,Captain Blood,1.3,2
396,2001,Arjuna: Complete Collection,1.5,3
397,1946,A Night in Casablanca,4.9,1
398,1976,In the Realm of the Senses,4.8,1
399,2001,Fangs,1.1,2
400,1970,Rio Lobo,3.7,3
401,1989,Halloween 5: The Revenge of Michael Myers,2.2,3
402,1999,Pan Tadeusz,2.5,2
403,2000,Substitute 4: Failure is Not an Option,3.9,2
404,2001,The Shaft,3.1,3
405,1987,Wings of Desire,4.3,2
406,2005,Hostage,2.4,3
407,1972,The Abductors,1,3
408,1990,Nightbreed,1.4,2
409,1966,Godzilla vs. The Sea Monster,4.7,1
410,1998,Frank Lloyd Wright,3.7,1
411,1999,Vendetta,4.5,2
412,1999,Jay Jay the Jet Plane: Adventures in Learning,2.7,2
413,2002,Igby Goes Down,4.6,1
414,1999,Girl,2,1
415,2002,Reign in Darkness,2.3,1
416,2003,Elephant,2,1
417,1986,Transformers: Season 3: Part 1,4.9,1
418,2004,The Deal,4,2
419,2005,George Lopez: Why You Crying?,2.6,2
420,1999,Saturday Night Live: The Best of Dana Carvey,2.6,2
421,2003,Agatha Christie's Poirot: Sad Cypress,2.7,3
422,1964,The Unsinkable Molly Brown,3.8,1
423,1963,My Favorite Martian #1,4.2,1
424,1998,Happiness,2.8,2
425,2000,The 10th Kingdom,1.5,3
426,2001,Recess: School's Out,5,2
427,1990,Graveyard Shift,2.4,3
428,2004,Barney: Barney's Colorful World: Live,2.8,3
429,1997,Zeus and Roxanne,4.7,2
430,2002,Chobits,1.3,1
431,2002,Millennium Actress,1.9,2
432,1996,Les Miserables in Concert,4.2,1
433,1993,Untamed Heart,3.7,3
434,2004,Extreme Engineering: Tokyo's Sky City,1.9,1
435,1996,Love Can Seriously Damage Your Health,4.9,2
436,1985,Girls Just Want to Have Fun,1.6,2
437,2005,Beyblade: Fierce Battle,5,2
438,1997,Bean: The Movie,4.5,1
439,1961,Town Without Pity,2.5,2
440,2003,Just 4 Kicks,4.2,2
441,1968,Dark Shadows: Vol. 9,4.2,3
442,1988,Mississippi Burning,4.3,1
443,2002,Rabbit-Proof Fence,4.3,2
444,2001,The Inner Tour,2,1
445,1996,Michael Collins,1.3,2
446,1995,The Underneath,4,3
447,1986,The Making of Fanny and Alexander,2.6,2
448,2001,Oswald: Welcome to the Big City!,3.2,2
449,2003,Jimmy Buffett: MiniMatinee #1,4.1,3
450,2000,Isaac Stern: Life's Virtuoso,3,3
451,1993,Batman the Animated Series: Vol. 3,3.2,1
452,2002,Scorched,3.3,2
453,1992,Simple Men,4,3
454,1995,Xena: Warrior Princess: Season 3,2.1,1
455,1999,Cardcaptor Sakura: The Movie,2.8,3
456,1996,Emma (Miniseries),2.5,2
457,2004,Kill Bill: Vol. 2,2.7,2
458,2001,Blast,2.1,1
459,1996,Basquiat,3,1
460,1971,Pink Narcissus,2.1,2
461,2000,Nightwalker #1: Midnight Detective,4.9,3
462,2005,Classic Cartoon Favorites: Starring Donald,2.7,1
463,1962,The Twilight Zone: Vol. 12,4.2,3
464,1987,The Return of Ruben Blades,2.4,2
465,1995,Coolie No.1,1.1,1
467,1941,Topper Returns,4.9,3
468,2003,The Matrix: Revolutions,3,3
469,1998,First Night of My Life: 2000 Seen By...,3.4,3
470,2001,Beneath Loch Ness,3.6,2
471,1931,City Lights,3.6,1
472,1998,Mr. Jealousy,2.4,1
473,1997,Princess Mononoke,1.6,1
474,1998,Legend of 1900,4.9,3
475,1993,Surf Ninjas,2.6,3
476,2004,VeggieTales Classics: Where's God When I'm Scared?,1.7,1
477,1990,George Carlin: Personal Favorites,2.6,1
478,1962,The Beverly Hillbillies,2.7,3
479,1988,George Carlin: What Am I Doing in New Jersey?,4.9,3
480,1997,Flypaper,4.9,2
481,2002,Building the Great Pyramid,4.9,3
482,2002,Frida,1.5,3
483,2001,Rush Hour 2,1.9,1
484,1992,Danielle Steel's Jewels,2.1,3
485,1967,The Avengers '67,4.1,3
486,1959,Journey to the Center of the Earth,4.6,3
487,1968,Doctor Who: Lost in Time: The Patrick Troughton Years,3.5,1
488,2001,His Secret Life,3.6,2
489,1998,Return to Paradise,4.2,3
490,1999,The Passion of Ayn Rand,2.2,2
491,1966,Torn Curtain,1.6,2
492,1984,Mrs. Soffel,4.1,1
493,1972,The Giallo Collection: Who Saw Her Die?,4.4,1
494,1983,Monty Python's The Meaning of Life: Special Edition,3,2
495,2000,Mission Kashmir,3,1
496,2004,Primus: Hallucino-Genetics Live 2004,4.8,2
497,2003,Broadway's Lost Treasures,3.6,1
498,1989,Glory: Bonus Material,4.5,2
499,2000,Under Suspicion,1.1,3
500,2002,Mail Call: The Best of Season 1,3.1,3
501,1975,Three Days of the Condor,2.6,1
502,2003,Mitch Hedberg: Mitch All Together,3.5,3
503,2005,Max and Ruby: Springtime for Max and Ruby,4.7,1
504,1964,The Twilight Zone: Vol. 27,4.7,3
505,1997,A Thousand Acres,3.9,3
506,1976,Blank Generation / Dancin' Barefoot,4,2
507,1966,Nevada Smith,1.8,3
508,1979,Saint Jack,3.6,3
509,2004,The Volcano Disaster,2.8,1
510,2004,Blue's Clues: Blue's Room: It's Hug Day,1.6,1
511,2002,Avenging Angelo,4.4,3
512,2000,Bubblegum Crisis: Hurricane Live!,4.2,3
513,1995,Butterfly Kiss,1.9,1
514,2000,Santana: Supernatural Live,3.9,3
515,2005,Avia Vampire Hunter,1.7,1
516,2001,Monsoon Wedding,4,2
517,2001,Two Can Play That Game,4.9,1
518,1969,The Prime of Miss Jean Brodie,3.2,3
519,1979,From Mao to Mozart: Isaac Stern in China,1.2,2
520,2004,E's Otherwise,1.3,2
521,1927,Presenting Felix the Cat,2.9,2
522,1999,Love Songs,3.8,2
523,1969,My Side of the Mountain,4.3,1
524,1999,Mumford,2.4,2
525,1999,The Last Seduction II,2.9,3
526,1994,Angie,2.6,2
527,1985,Barbarian Queen,1.9,3
528,2005,The Hitchhiker's Guide to the Galaxy,4.8,3
529,1998,Summer of the Monkeys,2.1,2
530,1987,Return to Horror High,1.1,3
531,1996,You're Invited to Mary-Kate and Ashley's Vacation Parties,2.1,2
532,1988,Young Einstein,1.4,1
533,1991,Drop Dead Fred,3.5,2
534,2000,With a Friend Like Harry,3.8,2
535,1960,The Alamo,1.7,1
536,2001,Sol Goode,2.3,1
537,1991,Here is Greenwood,3.1,3
538,2003,A Crime of Passion,4.7,1
539,1987,Rumpole of the Bailey: Series 4,3.3,1
540,2003,Ghosts of the Abyss: Bonus Material,1.6,3
541,1998,King Cobra,1.3,2
542,1997,The Blackout,1.1,2
543,1999,Roughnecks: The Starship Troopers Chronicles: The Pluto Campaign,1.5,2
544,1987,Maurice: Bonus Material,3.2,3
545,2002,Bob the Builder: The Big Game,3,2
546,2005,The Strip Game,3.8,3
547,1992,Kuffs,3.8,1
548,1991,Hudson Hawk,1.6,3
549,1955,Rage at Dawn,4,2
550,1995,First Knight,1.2,3
551,1994,The Santa Clause,2.5,2
552,1994,Radioland Murders,1.5,3
553,1995,Rangeela,2.5,1
554,1972,Solaris,2.5,1
555,1996,Cadfael: A Morbid Taste for Bones,3.7,3
556,1999,New Waterford Girl,2.2,1
557,1991,Liebestraum,3.9,2
558,1994,Fantastic Four,2.5,1
559,1940,Rebecca: Bonus Material,3,3
560,2003,Star Trek: Enterprise: Season 3,2.6,3
561,1963,High and Low,2,2
562,2002,Bloody Mallory,4.7,3
563,2001,Jimmy Neutron: Boy Genius,3.5,2
564,1990,Predator 2,3.9,3
565,2002,Tom Petty and the Heartbreakers: Live at the Olympic: The Last DJ,3.5,1
566,1996,Bullet,4.3,2
567,2003,Dunsmore,1.9,1
568,1999,Knights of Ramune,1.8,3
569,1979,The In-Laws,2.4,3
570,2000,The Visit,4.2,1
571,1999,American Beauty,4,1
572,1962,The Masque of the Red Death / The Premature Burial,3.4,2
573,1983,Winners & Sinners,1.1,2
574,1960,Strangers When We Meet,1.4,1
575,1994,Highlander: Season 4,4.5,2
576,2000,Popular: Season 2,4,1
577,1961,The Twilight Zone: Vol. 36,1.3,3
578,1963,The Terror,2.5,3
579,1973,The Autobiography of Miss Jane Pittman,2.9,1
580,1971,THX 1138: Special Edition,2.8,1
581,1993,Black Jack: The Movie,2.8,2
583,1959,Third Man on the Mountain,3,1
584,1998,The Curve,2.8,2
585,1995,My Family,1.1,1
586,1995,Shanghai Triad,2.3,3
587,1983,The Scarlet and the Black,1.2,1
588,1990,Blue Planet: IMAX,2.2,3
589,2000,Northanger Abbey,3.9,2
590,2001,Michael McDonald: A Gathering of Friends,2.2,2
591,2003,Particles of Truth,1.2,1
592,1974,House of Whipcord,1.4,2
593,2000,Baby Genius: Mozart and Friends,4.9,3
594,2002,By Hook or By Crook,2.3,1
595,2001,Monarch of the Glen: Series 2,2.1,1
596,1999,Alice in Wonderland (TV Version),3.2,3
597,1977,The Brady Bunch Variety Hour,3.7,3
598,1973,Bobby Darin: Mack is Back,3.8,2
599,1989,Sea of Love,3.3,3
601,1992,The Smiths: The Complete Picture,1.5,1
602,2000,Tokyo Raiders,1.4,1
603,1997,Burn Up Excess: Vol. 1: To Serve and Protect,4.2,1
604,2005,Walt Disney's Timeless Tales: Vol. 2,3.6,1
605,2000,The Secrets of the Dead Sea Scrolls,2.9,2
606,1968,Quatermass and the Pit,3.2,1
607,1994,Speed,1.3,1
608,1970,The Lickerish Quartet,3.4,1
609,2002,Jimmy Neutron: Attack of the Twonkies,3.3,3
610,1999,Offspring: Americana,1.5,3
611,2004,Spooks & Creeps,3.1,1
612,1946,Cloak and Dagger,4.3,3
613,1965,The Dr. Who Collection,2.8,2
614,1993,Bad Boy Bubby,3.7,2
615,1999,An Ideal Husband,2.4,1
616,1983,SCTV Network 90: Vol. 4,1.1,1
617,2004,UFC: Ultimate Fighting Championship: Ultimate Knockouts 3,2.3,3
618,1994,Totally F***ed Up,4.9,2
619,1980,Doctor Who: The Leisure Hive,2.5,3
620,2003,Hot Wheels: World Race,1.8,2
621,1997,Armageddon,4.1,2
622,1991,Talkin' Dirty After Dark,3.4,2
623,1986,Dario Argento Collection: Vol. 2: Demons 2,1.7,3
624,2004,My Mother Likes Women,1.9,1
625,1999,Underground Comedy Movie,4,1
626,1941,They Died with Their Boots On,1,2
627,1971,Beware of a Holy Whore,4.7,2
628,2003,Rescue Heroes: The Movie,2.6,3
629,1984,Firestarter,1.3,2
630,1977,Empire of the Ants,4.5,3
631,2005,Unleashed,1.8,1
632,1972,Shaft's Big Score!,4.3,3
633,1993,Baazigar,3.5,2
634,1989,Christmas with The Simpsons,4.4,1
635,1971,The Fassbinder Collection: Pioneer in Ingolstadt,3.6,3
636,1980,Stir Crazy,2.7,3
637,2001,National Geographic: Inside American Power: Air Force One,5,2
638,1985,The Last Dragon,3,1
639,2002,Jim Brown: All-American,1.7,2
640,1992,To Catch a Killer,2.8,3
641,1968,Charly,3.2,1
642,1990,Mystery Science Theater 3000: The Hellcats,4.4,2
643,2002,Buying the Cow,2.6,1
644,1994,Cheyenne Warrior,3.9,2
645,2004,Dear Frankie,3.6,1
646,1987,Matewan,2.5,1
647,1960,Cinderfella,1.4,3
648,2003,John Mayall & The Bluesbreakers and Friends: 70th Birthday Concert,3.5,2
649,1999,Ricky Martin: The Ricky Martin Video Collection,4.5,2
650,2002,Elvira's Haunted Hills,2.7,1
651,1997,The Rainbow Fish / Dazzle the Dinosaur,2.6,2
652,1996,Marvin's Room,1.2,2
653,2000,American Tragedy,4.5,2
654,1975,Return of the Chinese Boxer,4.1,2
655,1965,Green Acres: Season 1,2.1,1
656,2004,Veronica 2030,4.3,2
657,1996,Highlander: Season 5,1.3,1
658,1991,Robin Hood: Prince of Thieves,1.4,3
659,1972,The Last House on the Left,1.7,3
660,2000,Saving Grace,2.6,2
661,2002,Who is Cletis Tout?,4.7,1
662,1995,Rob Roy,3.9,3
663,1999,La Femme Nikita: Season 3,4.6,2
664,1997,Office Killer,2.9,2
665,1976,Lipstick,2.3,1
666,2000,The Man Who Came to Dinner,2.5,2
667,1965,Gilligan's Island: Season 2,3.4,2
668,2004,Saturday Night Live: The Best of Will Ferrell 2,4.1,1
669,1986,Real Kung Fu of Shaolin,1.1,3
671,1989,The Winter People,3.7,2
673,1999,Fight Club: Bonus Material,2.4,3
674,1988,Hellbound: Hellraiser II,4.5,3
675,2004,Rugrats All Grown Up: O' Brother!,4.4,1
676,1998,Mafia!,3,1
677,2001,In the Mood for Love,1.4,1
678,1965,Loves of a Blonde,3.9,1
679,1990,R.E.M.: Pop Screen,2.2,2
680,2000,Better Than Sex,4.6,3
681,1986,Police Academy 3: Back in Training,4.3,1
682,1998,The Mighty,2.9,2
683,1951,Cavalry Charge,2.1,3
684,1995,Visitors of the Night,2.6,2
685,1999,Running Out of Time,4,1
686,2000,Bedazzled,4.4,3
687,2003,Peter Jennings Reports: The Kennedy Assassination: Beyond Conspiracy,4.9,3
688,2003,The History Channel Presents: The Alamo,1.9,3
689,1998,One True Thing,3.9,2
690,2004,Baby Einstein: Baby Da Vinci,4.1,1
691,1999,Angel's Dance,1.9,1
692,1992,The Hand that Rocks the Cradle,4.9,3
693,1996,The Quest,3.3,1
694,2000,When Dinosaurs Roamed America,3,2
695,2004,Koma,4.8,1
696,1996,Last Man Standing,3.3,1
697,2000,Caillou: Caillou's Treasure Hunt and Other Adventures,3.8,3
698,1997,Daud,3.4,2
699,2004,Mahoromatic: Automatic Maiden: Summer Special,4.3,1
700,1997,Todd McFarlane's Spawn,1.3,2
701,2002,Nine Lives,4.8,1
702,1996,For the Moment,4.3,1
703,2004,Japan: Memoirs of a Secret Empire,1.7,1
704,1998,A Change of Heart,2.4,2
705,1989,Major League,4.9,2
706,1991,Mobsters,4.1,3
707,2003,The Return,1.4,3
708,2000,The Perfect Storm,4.2,3
709,1998,Africans in America: America's Journey Through Slavery,2.7,3
710,1993,Inspector Morse 9: The Last Enemy,4.6,3
711,1994,Dolores Claiborne,3.6,1
712,1998,Homicide: Life on the Street: Season 7,4,3
713,1987,Cause Celebre,2.6,3
714,1988,Whisper Kill,2.1,1
715,1950,Film Noir Collection: D.O.A.,4.1,3
716,1958,The Bravados,3.6,2
717,2004,Testosterone,4.1,3
718,2003,44 Minutes,4.2,1
719,1997,City of Industry,2.2,3
720,1989,Roger & Me,1.7,2
721,1994,Royal Deceit,1.1,2
722,2003,The Wire: Season 1,2.7,3
723,1991,Curly Sue,1.2,1
724,1992,Yu Yu Hakusho,4.7,1
725,2004,Woman Thou Art Loosed,3.9,2
726,1990,The Haunting of Morella,1.5,3
727,1959,Carlton-Browne of the F.O.,4,2
728,1977,Abigail's Party,3.3,1
730,1988,Bagdad Cafe,4.2,3
731,1997,Mr. Magoo,1.6,1
732,2005,11:14,4.2,2
733,1988,Dead Ringers,1.1,1
734,1992,Indochine,4.4,3
735,2003,Hillary & Tenzing: Climbing to the Roof of World,4.6,3
736,2002,The Last Man,3.4,1
737,2004,Great Pas de Deux,2.8,3
738,1999,A Slipping Down Life,1.3,1
739,2001,Treading Water,4.8,2
740,1988,The House on Carroll Street,4.8,2
741,1988,Ken Burns' America: The Congress,3.6,3
742,2002,Sherlock: Case of Evil,4.4,2
743,1994,Widows' Peak,1.7,1
744,1998,Hot War,1.8,1
745,1979,Fantasy Mission Force,3.8,1
746,2001,Domestic Disturbance,3.1,1
747,1996,Saber Marionette J,4.5,2
748,2002,I Can Do Bad All By Myself,4.7,3
749,1990,Ernest Goes to Jail,1.4,1
750,2004,The Librarian: Quest for the Spear,2.2,3
751,1998,Halloween: H2O,1.6,1
752,1993,Star Trek: The Next Generation: Season 7,3.7,3
753,1964,Mary Poppins: Bonus Material,3.9,2
754,1984,The Lonely Guy,3.5,2
755,1989,Music Box,3,3
756,2000,The Best of MusikLaden: Classic Rock,4.7,1
757,1984,Sherlock Hound,2.1,3
758,2004,Mean Girls,4.9,2
759,2001,Fifteen Minutes,4,1
760,2005,Pooh's Heffalump Movie,1.6,3
761,2000,O Fantasma,4.8,3
762,2004,End of the Century: The Story of the Ramones,2.9,2
763,1972,The Poseidon Adventure,1.1,3
764,1983,Scarface: 20th Anniversary Edition: Bonus Material,1.9,2
765,1994,Grief,4.1,2
766,1959,A Hole in the Head,1.1,1
767,2001,Edges of the Lord,4,3
768,1995,The Star Maker,3.4,1
769,1958,The Crawling Eye,3.9,2
770,1996,A Perfect Candidate,3.1,1
771,1999,Man in the Iron Mask,2.7,3
772,1998,Gloria Estefan: Don't Stop!,1.2,2
773,2001,He Died with a Felafel in His Hand,4.4,1
774,2003,Foyle's War: Set 2,3.8,3
775,1999,Man Ray: Prophet of the Avant Garde,2.4,2
777,1944,Sherlock Holmes and the Spider Woman,1.9,3
778,2003,A Touch of Frost: Seasons 7 & 8,1,3
779,2000,Loving Jezebel,2,3
780,2003,Churchill,2.5,3
781,2004,Care Bears: Journey to Joke-a-Lot,1.2,1
782,1998,Soldier of Fortune,2.8,3
783,2001,For Love or Country,2.8,1
784,1995,The Outer Limits: The New Series: Aliens Among Us,4.9,2
785,1981,American Pop,1.8,3
786,1966,Tokyo Drifter,1,1
787,1972,La Vallee,4.3,2
788,1994,Clerks,4.2,3
789,1991,Boyz N the Hood,1.4,3
790,2000,A Single Girl,2.2,3
791,2000,Don Henley: Live Inside Job,3.8,2
792,2004,Unsolved History: Salem Witch Trials,3.9,2
793,2004,By Brakhage: An Anthology,4.2,3
794,1992,A Stranger Among Us,3.3,1
795,1997,Landmarks of Early Film,1.8,1
796,1976,Rabid,4.1,3
797,1959,Look Back in Anger,1.7,1
798,1975,Jaws,4.5,3
799,2003,Teen Titans: Season 1,3.6,1
800,1971,Dracula Vs. Frankenstein,3.1,2
801,2001,We Know Where You Live. Live!,3,1
802,1928,Spies,1.1,3
803,2001,Soul Assassin,1.2,1
804,1944,Sherlock Holmes: The Scarlet Claw,1.1,3
805,1968,Dark Shadows: Vol. 11,3.7,2
806,1960,Eyes Without a Face,1.6,3
807,1959,The Mouse That Roared,2.1,1
808,1998,Dead Man on Campus,4.4,3
809,2002,Left Behind II: Tribulation Force,2.3,2
810,1958,The Matchmaker,2.9,1
811,1992,The Lawnmower Man,1.8,2
812,2001,The Saddle Club: Horse Crazy,2.2,2
813,2000,On Cukor,3.2,3
814,2000,Ruin Explorers,4.8,2
815,1959,Tiger Bay,4.9,1
816,2001,Marlene Dietrich: Her Own Song,4.5,1
817,1980,My Bodyguard,1.5,1
818,1976,Logan's Run,4,1
819,1998,The Faculty,3.1,3
820,2005,Predator Island,1.1,1
821,1972,Slaughter,1.9,2
822,2001,Star Trek: Enterprise: Season 1,1.8,3
823,1988,Sleepaway Camp II: Unhappy Campers,2,2
824,1977,A Piece of the Action,1.2,2
825,1983,Bill Cosby: Himself,3.7,1
826,1998,Goosebumps: Cry of the Cat,2.4,3
828,1991,Atlantis,2.1,3
829,1995,Serial Mom,1.6,1
830,1994,Return to a Better Tomorrow,4.6,2
831,1987,Mannequin,2.8,2
832,2003,Tupac: Resurrection,2.9,2
833,1996,White Squall,5,1
835,1994,Cirque du Soleil: A Baroque Odyssey,3.5,3
836,1991,Incident at Oglala: The Leonard Peltier Story,4.4,2
837,1972,All in the Family: Season 3,1.6,3
838,2003,Gang of Roses,1.3,3
839,1945,The Thin Man Goes Home,3.4,2
840,1941,The Lady Eve,1.8,1
841,1994,There Goes My Baby,4.8,1
842,1942,Reap the Wild Wind,3.5,1
843,1999,Mansfield Park,2.1,1
844,2001,La Cienaga,2.1,2
845,2004,If We Had No Moon,4.2,2
846,2004,Enduring Love,3.9,1
847,2001,Shania Twain: The Platinum Collection,2.1,3
848,1994,La Separation,1.1,2
849,1990,Mr. & Mrs. Bridge,2.3,3
850,2002,Stoked: The Rise and Fall of Gator,2.8,2
851,1990,Back to the Future Part III,1.4,1
852,1989,Disorganized Crime,3.2,3
853,1993,Dragonball: The Magic Begins,3.6,1
854,1984,Wes Craven's Invitation to Hell,1.6,3
855,2001,Bruiser,1.7,3
856,2000,Devil in the Flesh 2,1.3,2
857,1963,The Three Stooges Go Around the World in a Daze,1.3,3
858,2002,Sports Illustrated Swimsuit Edition: 2002,2.6,2
859,1982,Creepshow,3,2
860,2001,Crime Partners,3.4,3
861,2003,Rush: Rush in Rio,4.1,2
862,2002,Tuck Everlasting,3,3
863,1990,King of New York: Special Edition (Full-screen),3.2,3
864,2001,Laughing Out Loud: Vol. 1,3.8,1
865,2005,Elvis by the Presleys,2.6,3
866,1975,Starsky & Hutch: Season 1,3.4,2
867,2003,My Dream Girl,1.6,1
868,1996,La Promesse,1.9,3
869,1998,Without Limits: NASA Test Projects,1.7,2
870,2005,H.G. Wells and the War of the Worlds: A Documentary,1.7,3
871,1984,The Jewel in the Crown,4.4,1
872,1954,Seven Samurai,2,2
873,2003,Boys Life 4: Four Play,2.3,2
874,2004,Elvis Costello & the Imposters: Live in Memphis,3.8,1
875,1998,Zakhm,1.5,3
876,2001,Super Gals,2.9,2
877,1999,A Love Divided,3.1,1
878,2000,Short: International Release #2,1.5,1
879,1976,Mikey and Nicky,1.3,1
880,1994,Sharpe 4: Sharpe's Enemy,1.1,2
881,1999,Mating Habits of the Earthbound Human,3.3,2
882,1996,Gloria Estefan: Evolution Tour: Live in Miami,2.6,1
883,1992,Deep Cover,3.4,2
884,1991,Cup Final,1.1,2
885,2003,The Maldonado Miracle,5,1
886,2004,Ray,3.5,2
887,2005,Monster-in-Law: Bonus Material,4.3,3
888,2001,Discovering Australia,3.5,3
889,2004,Reno 911: Season 2,1.1,2
890,1999,Harsh Realm: The Complete Series,4.2,1
892,1965,The Bedford Incident,2.9,1
893,2003,Blue's Clues: Classic Clues,3.8,2
894,1999,The Muse,1.4,3
895,1975,Dersu Uzala,1.1,2
896,1995,Dangerous Minds,5,3
897,2004,Bride and Prejudice,4.6,1
898,2000,The Body,2.8,1
899,2003,Out of Ireland: The Hit Songs and Artists of Irish Music,4.1,3
900,1994,Eat Drink Man Woman,2.2,1
901,1950,Diary of a Country Priest,4.9,2
902,2004,Fascination,3.3,2
903,2000,Hamlet,3,3
904,2004,Gargoyles,4.4,3
905,2005,Remedy,3.5,1
906,1969,Benny Hill: Complete and Unadulterated: The Naughty Early Years: Set 1,2,1
907,1930,Animal Crackers,2.6,3
908,1981,Sense and Sensibility,4.1,3
909,1990,Too Young to Die,1.4,2
910,1940,Santa Fe Trail,3.5,3
911,1939,Buck Rogers,4.3,2
912,2002,Angelina Ballerina: Friends Forever,1.2,1
914,1996,R.E.M.: Road Movie,2.6,3
915,2001,Haven,3.6,3
916,1994,Earth 2: The Complete Series,2.4,2
917,2003,String Cheese Incident: Live at the Fillmore,3.8,2
918,1964,A Hard Day's Night: Collector's Series,4.1,3
919,2002,Comedian,2.5,2
920,1968,Satanis: The Devil's Mass / Sinthia: The Devil's Doll: Double Feature,3,2
921,1952,Don't Bother to Knock,2.2,2
922,2004,Gojoe: Spirit War Chronicle,2.2,2
923,2004,Giant Robo,4.9,3
924,1981,Taxi Zum Klo,3.5,3
925,1936,Dodsworth,4.5,2
926,2002,Fear Of A Punk Planet,4.2,3
927,1991,Danielle Steel's Changes,2.3,3
928,1997,The Night That Never Happened,3.5,1
929,2002,Journeys with George,2.3,1
930,1987,Back to the Beach,3.1,2
931,1998,Another Day in Paradise,4.9,2
932,1992,Where Are We?,4.9,3
933,2005,Backyardigans: It's Great to Be a Ghost,2.3,2
934,1954,River of No Return,3.8,1
935,2003,Read Or Die,4.9,2
936,1990,A Dangerous Man: Lawrence After Arabia,4.8,1
937,1998,Fallen,4.4,1
938,2002,Scarecrow,2.2,2
939,2003,Midsomer Murders: A Tale of Two Hamlets,4.8,1
940,1997,Hercules,3.3,1
941,1998,Screw Loose,4.2,2
942,1994,The Pagemaster,2.9,2
943,2004,Dave Chappelle: For What It's Worth,4.5,1
945,1952,The Duel at Silver Creek,2.9,2
946,2002,Sex and the Teenage Mind,4,2
947,1965,The Cincinnati Kid,2.5,3
948,2002,Aap Mujhe Achche Lagne Lage,3.5,3
949,1997,Henry Fool,3,1
950,1998,Explosive Dance,1.5,3
951,2001,Richard Rodgers: The Sweetest Sounds,3,2
952,1940,My Favorite Wife,1,3
953,1966,Fahrenheit 451,4.4,3
954,2003,I Capture the Castle,1.1,3
955,1997,Rhyme & Reason,4.8,2
956,1994,Blankman,1.8,1
957,1966,Lost in Space: Season 2: Vol. 1,2.3,2
958,2003,World Cup Soccer Highlights: 1966-1974,3.1,1
959,2002,Jay Jay the Jet Plane: Lessons for All Seasons,2.4,2
960,1960,The Unforgiven,2.9,3
961,1957,Love in the Afternoon,4.5,1
962,2002,I Spy,1.3,1
963,1951,A Streetcar Named Desire,2.5,1
964,2001,The Tick: The Entire Series,4,3
965,1985,Metropolitan Opera: Puccini: Tosca,3.9,2
966,1996,Young and Dangerous 2,2.6,3
967,2004,Main Hoon Na,4,2
968,1993,Dottie Gets Spanked,2.3,1
969,1995,Stripteaser,1.2,1
970,2004,Yesterday Once More,2.9,3
971,2002,Unprecedented: The 2000 Presidential Election,3.2,1
972,2003,Ben Harper: Live at the Hollywood Bowl,4.8,1
974,1941,The Devil and Daniel Webster,3,1
975,1997,Convict 762,4.3,3
976,2003,Tom and Jerry: Paws for a Holiday,4.1,1
977,2000,Our Lady of the Assassins,3.2,2
978,2000,Yi Yi,2,3
979,1990,A Moment of Romance,3.4,3
980,1994,The Swan Princess,1.3,3
981,1989,How I Got into College,1.4,3
982,2001,Dil Chahta Hai,1,3
983,1997,Wishful Thinking,1.9,1
984,1958,The Young Lions,4.4,3
985,1999,The Mummy,3.2,2
986,2002,The Trip,5,3
987,1978,Rescue from Gilligan's Island,1.6,3
988,1951,Operation Pacific,4.4,2
989,2004,The Door in the Floor,2.3,3
990,1941,Meet John Doe,4.5,3
991,1997,Burn Up Excess: Vol. 2: Crimes and Missed Demeanors,1.4,3
992,1972,The Cowboys,3.4,3
993,1994,The Shadow,3.8,1
994,1984,Children of the Corn,4.1,3
995,2004,Dark Town,2.6,2
996,1961,Yojimbo,1.1,1
997,1963,Miracle of the White Stallions,4.7,2
998,2002,Frida: Bonus Material,4.4,1
999,1994,The Favor,2.8,2
1000,2002,Jim Breuer: Hardcore,3.6,3
1001,2001,Blow Dry,1.6,2
1002,2001,The Cazalets,2.7,1
1003,2001,Basic Elements: My Complete Fitness Guide,4.3,3
1004,2003,Bookies,3.6,3
1005,2003,Only the Strong Survive,4.9,2
1006,1996,Inspector Morse 30: The Daughters of Cain,4.1,1
1007,1996,America's Dream,4.5,1
1008,1996,Ken Burns' The West,3.2,3
1009,1997,Judaai,3.1,3
1011,1983,All the Right Moves,3.4,3
1012,1960,13 Ghosts,2,3
1013,2005,My Scene Goes Hollywood: The Movie,2.1,1
1014,1993,Pretty Boy,1.7,1
1016,1976,The Killer Inside Me,4.6,2
1017,1955,I Love Lucy: Season 5,4.2,2
1018,1960,Le Petit Soldat,3.8,3
1019,2001,Diamond Hunters,4.2,1
1020,1989,The Simpsons: Season 1,3.6,2
1021,1984,Cloak & Dagger,3,2
1022,1993,The Snapper,1.5,2
1023,1997,Sesame Street: Elmo Saves Christmas,4.4,1
1024,1976,The Return of a Man Called Horse,1.9,3
1025,2004,The Eye 2,2.8,1
1026,1985,Silver Bullet,4.7,1
1027,1993,Rising Sun,1.8,3
1028,2003,The Educational Archives: Vol. 1: Sex & Drugs,3,1
1029,1995,Tromeo and Juliet,1.2,3
1030,1974,Frank Sinatra: The Main Event,2.3,2
1031,1999,Poirot: The Murder of Roger Ackroyd,4.9,1
1032,1992,Hard Boiled,1.1,2
1033,1999,Spy Games,1.4,1
1034,2000,The New Eve,1.6,3
1035,1994,Disclosure,1.6,1
1036,1999,Coral Sea Dreaming,2.8,2
1037,1978,Attack of the Killer Tomatoes,2.8,1
1038,2000,Boogiepop Phantom,3,2
1039,1997,Lawn Dogs,1.5,1
1040,2004,Thomas & Friends: Thomas's Snowy Surprise,2.1,2
1041,2000,Baby Mozart,1.3,2
1042,1996,Forgotten Silver,4.1,1
1043,1987,Outrageous Fortune,1.9,3
1044,1968,The Party,4.2,1
1045,1988,For Keeps,2.6,1
1046,2003,Uptown Girls,4.9,3
1047,2000,Aimee and Jaguar,3.5,2
1048,1997,Year of the Horse: Neil Young & Crazy Horse Live,4.4,3
1049,1991,The Object of Beauty,1.2,3
1050,1982,Annie: Special Anniversary Edition,2.3,3
1051,1994,Blue Chips,2.9,2
1052,1952,The Jack Benny Show: Vol. 1,2.2,2
1053,1997,Mysteries of Magic: Vol. 1,4.3,2
1054,1986,Odin: Photon Space Sailer Starlight,1.3,2
1055,1977,The Duellists,5,3
1056,1962,The War Lover,4.5,3
1057,1989,Doctor Who: Ghost Light,3.5,3
1059,2000,Extreme Bloopers: Sports Gone Wrong,1.3,2
1060,2005,King's Ransom,3.9,3
1061,2004,Spider-Man vs. Doc Ock,1.9,2
1062,1974,California Split,3.6,3
1063,1995,Hemp Revolution,4.7,3
1064,1983,Armored Trooper Votoms Stage 2: Kummen Jungle Wars,2,3
1065,2001,Jackpot,4.7,1
1066,1978,Superman: The Movie,1.1,2
1067,1956,Earth vs. The Flying Saucers,1.1,2
1068,1998,Ringu,1.5,2
1069,2003,The Inspector Lynley Mysteries: A Suitable Vengeance,4.1,3
1070,2000,Bangkok Dangerous,2.9,1
1071,1995,The Ice Princess,1.3,2
1072,2000,As Time Goes By: Series 8,3.2,2
1073,2005,Coach Carter,2.6,3
1074,1946,The Postman Always Rings Twice,1.2,1
1075,2001,Tape,3.7,2
1076,2004,American Chopper: Season 2,4.3,2
1077,1945,Leave Her to Heaven,2.1,2
1078,2000,After the Storm,3.7,3
1079,1991,The Gambler Returns: The Luck of the Draw,4.8,3
1080,2002,Hysterical Blindness,1.5,2
1081,2002,Back by Midnight,2.1,3
1082,1997,Flood: A River's Rampage,3.6,1
1083,1962,Tales of Terror,3,3
1084,2001,Walking with Prehistoric Beasts,4.5,3
1085,2003,Bright Leaves,4.5,3
1086,1938,Three Stooges: Stooges at Work,2.6,2
1087,1994,Monkey Trouble,3,1
1088,1980,Hammer House of Horror,1.6,3
1089,2000,The Land Before Time VII: Stone of Cold Fire,2.3,3
1090,1997,Eel,1.1,2
1091,1980,Dostana,1,3
1092,1996,Thin Line Between Love & Hate,2.6,1
1093,1980,The Leg Fighters,3.2,3
1094,2002,Nicholas Nickleby,1.8,2
1096,1989,Harlem Nights,4.5,2
1097,2005,Winning Strategies: Texas Hold 'Em Poker with Mike Caro,1.2,3
1098,1965,The Battle of Algiers,3.1,3
1099,1983,Confidentially Yours,4.2,1
1100,2000,Dr. T & the Women,2.3,1
1101,1976,The Slipper and the Rose,3,1
1102,2001,Training Day,4.9,3
1103,1997,Jane Eyre,3.3,1
1104,1983,Krull,2.6,1
1105,1993,RoboCop 3,4.9,3
1106,1998,Virtual Girl,3.9,2
1107,2004,NBA Street Series: Ankle Breakers: Vol. 2,1.6,3
1108,2000,Dr. Andrew Weil: 8 Weeks to Optimum Health & Spontaneous Healing,4.4,1
1109,1964,My Fair Lady: Special Edition: Bonus Material,4.3,1
1110,2003,Secondhand Lions,4.8,2
1111,1972,Cries and Whispers,2.5,2
1112,1957,The Delicate Delinquent,1,1
1113,1998,Lost Universe,3.4,1
1114,1929,Hell's Angels,1,2
1115,1991,Hammers Over the Anvil,1.7,2
1116,1984,Runaway,3,2
1117,1991,Vegas in Space,3.5,1
1118,1980,Moscow Does Not Believe in Tears,1.6,3
1119,2005,Pink Floyd: Inside Pink Floyd: A Critical Review 1975-1996,2.5,1
1120,1982,Quest for Fire,2,3
1121,2001,MVP 2: Most Vertical Primate,3.5,2
1122,1980,The Attic / Crawl Space (Double Feature),4.3,2
1123,1993,Dragon: The Bruce Lee Story,4,3
1124,1932,Rain,4.7,1
1125,2001,Automotive Series: Porsche,4.3,2
1126,2003,Uncovered: The Whole Truth About the Iraq War,1.2,3
1127,1973,Clive Barker's Salome / The Forbidden,1.5,1
1128,1971,Sweet Sweetback's Baadasssss Song,3.3,2
1129,1935,Mutiny on the Bounty,3.3,2
1130,1991,Impromptu,1.1,3
1131,1965,Chained Girls / Daughters of Lesbos: Double Feature,2.1,2
1132,1994,Romeo is Bleeding,3.5,1
1133,2003,Malibu Spring Break,2.4,1
1134,2005,Empire Falls,4.5,1
1135,1996,Paradise Lost: The Child Murders at Robin Hood Hills,4.5,2
1136,1993,Naked,4.2,1
1137,2004,Artie Lange: It's the Whiskey Talkin',4.6,2
1138,2003,Freddy vs. Jason,3.2,3
1139,2003,Wolf's Rain,1.7,1
1140,1996,To Gillian on her 37th Birthday,1,1
1141,2004,Kyun! Ho Gaya Na,3.7,3
1142,1981,Polyester,2.3,1
1143,1943,Phantom of the Opera,1.5,3
1144,1991,Fried Green Tomatoes,4.9,1
1145,2001,The Wedding Planner,4,1
1146,1983,Fearless Hyena 1 / Fearless Hyena 2,3.1,2
1147,1983,To the Lighthouse,2.3,1
1148,1981,For Your Eyes Only,4.8,1
1149,2001,Electric Light Orchestra: Zoom Tour Live,2.4,2
1150,2000,Hate.com,1.6,3
1151,2001,Valentine,1,2
1152,1999,Charisma,2.1,1
1153,1943,On Approval,3.2,1
1154,1971,Twitch of the Death Nerve,5,1
1155,1980,Magnum P.I.: Season 1,1.6,2
1156,2004,Being Ron Jeremy,4.9,1
1157,1997,Chinese Box,2.3,1
1158,2004,I Do (But I Don't),3,1
1159,1961,Rocky & Bullwinkle: The Best of Fractured Fairy Tales: Vol. 1,1.5,3
1160,1999,In Too Deep,4.8,1
1161,2000,Take Me Home: The John Denver Story,3.4,2
1162,2003,Onmyoji 2,3.6,3
1163,1984,2010: The Year We Make Contact,1.5,3
1164,1980,Return of the Secaucus 7,2.6,1
1165,1999,Witness Protection,2.6,3
1166,1950,Great Rupert,4.8,2
1167,1999,La Buche,2.1,3
1168,2004,Rodney Dangerfield: No Respect: The Ultimate Collection,1.4,3
1169,1997,Bjork: Shepherds Bush Empire,4.6,3
1171,2001,RoboCop: Crash and Burn,2.9,3
1172,1998,Krippendorf's Tribe,4,1
1173,1999,Walking with Dinosaurs,1.2,2
1174,1993,The Sandlot,1.3,1
1175,1984,Repo Man,2.2,1
1176,2001,The Devil's Backbone,1.6,1
1177,2004,Essential Music Videos: Totally 80s,2,2
1178,1932,Boudu Saved from Drowning,1.7,1
1179,1997,The Education of Little Tree,4.1,3
1180,2001,A Beautiful Mind,3.1,1
1181,2003,Rolie Polie Olie: Springy-Time Fun,3.9,1
1182,1978,Gray Lady Down,2.1,1
1183,1980,Night of the Hunted,4.3,1
1184,2004,The Wizard of Oz,2.9,3
1185,1998,Mischievous,2.3,2
1186,1939,Jamaica Inn,3,1
1187,1971,The Abominable Dr. Phibes,4.5,2
1188,2002,A Little Inside,3.7,2
1189,1986,Aida: Giuseppe Verdi: Teatro Alla Scala,3.4,3
1190,1996,The Late Shift,4.1,2
1191,1997,Most Wanted,2.4,2
1192,2004,Masters of Poker: Phil Hellmuth's Million Dollar Texas Hold'em Tournament Strategies,2.4,3
1193,1998,Beloved,3.2,3
1194,1997,Fall,1.4,3
1195,1988,Madonna: The Girlie Show: Live Down Under,2.1,3
1196,2004,Secrets of Lost Empires 2: Medieval Siege,3.6,3
1197,1999,50 Years: The Best of Hollywood,2.9,3
1198,1971,The Cat O'Nine Tails,1.4,3
1199,1975,Queen of the Stardust Ballroom,2,3
1200,1999,Teaching Mrs. Tingle,1.8,2
1201,1991,True Colors,2,1
1202,1983,National Lampoon's Vacation,3.2,2
1203,1963,The Andy Griffith Show: Vol 3: Andy Discovers America / Andy's English Valet,4.9,1
1204,1990,Iron & Silk,4.4,1
1205,1994,Dragstrip Girl,2.5,1
1206,2005,Bratz: Rock Angelz,1.4,2
1207,1962,Experiment in Terror,2.2,3
1208,1963,The Twilight Zone: Vol. 15,1.8,1
1209,1976,Swashbuckler,3.7,3
1211,2004,Modigliani,3.4,3
1212,1988,Red Dwarf: Series 2: Bonus Material,4.4,1
1213,1999,VeggieTales: Madame Blueberry,3,3
1214,1972,Bawarchi,1.4,2
1215,1987,Walk Like a Man,3.8,1
1216,1993,Fire in the Sky,2.7,3
1217,2001,Dragon Tales: Let's Share! Let's Play!,2.3,1
1218,1972,Frenzy,3.1,3
1219,2003,Blind Shaft,4.6,1
1220,2004,Man on Fire,3.4,2
1221,1980,Seems Like Old Times,2.5,2
1222,1979,Little House on the Prairie: Season 6,2.3,2
1223,1999,Hard,2.4,3
1224,1947,The Ghost and Mrs. Muir,2.8,1
1225,2000,Jim Breuer: Heavy Metal Comedy,4.9,3
1226,1971,Summer of '42,2.2,2
1227,2005,The Horror Within,4.3,3
1228,2004,The Carol Burnett Show: Let's Bump Up the Lights!,3,1
1229,1994,Speechless,2.1,1
1230,2005,Carlos Mencia: Not for the Easily Offended: Live in San Jose,2.9,2
1231,1999,Batman Beyond: Tech Wars / Disappearing Inque,2.9,1
1232,1927,It,2.4,3
1233,2002,Repli-Kate,1.7,2
1234,1994,Crooklyn,1.4,1
1235,1998,The Great Battles of World War II: Battle of Russia,4.4,2
1236,2002,Ali G Indahouse,4.9,3
1237,1999,The Stars of Star Wars,1.3,3
1238,1984,The Pope of Greenwich Village,4.4,1
1239,1973,The Arena,4.4,1
1240,1950,Destination Moon,3.9,1
1241,1945,The Story of G.I. Joe,3.6,2
1242,2005,Billy Blanks: Tae Bo: Fat Blasting Cardio,3,3
1243,1998,La Femme Nikita: Season 2,4.3,1
1244,2002,Sex with Strangers,2.6,2
1245,1994,Threesome,2.6,1
1246,1994,Gunmen,2.5,1
1247,2005,Warren Miller's Impact,2.1,2
1248,2002,The Real Eve,1.4,2
1249,1978,Taxi: Season 1,2.9,2
1250,1996,Brassed Off,1.9,2
1251,2002,Frankenthumb,4.5,1
1252,1975,The Story of O,3,3
1253,1949,The Barkleys of Broadway,3.2,3
1254,1957,Designing Woman,4.2,2
1255,1985,Better Off Dead,3.4,3
1256,1994,The Best of Friends: Vol. 4,2.8,2
1257,2003,Tupperware!: American Experience,3.2,2
1258,1942,Wake Island,4.8,2
1259,2002,David Gilmour in Concert,2.3,1
1260,1999,Journey to the Center of the Earth,3.7,3
1261,2005,Mojados: Through the Night,2.5,3
1262,1982,Dead Men Don't Wear Plaid,4.7,3
1263,1979,Snake & Crane Arts of Shaolin,2.5,3
1264,2000,The Closet,1.5,3
1265,1971,Women in Cages,1,3
1266,2003,Ghosts of the Abyss,2.3,3
1267,2001,Dr. Dolittle 2,3.1,2
1268,2005,Martha Stewart Holidays: Homemade Holidays,3.2,3
1269,1991,29th Street,1.4,3
1270,2000,The Great Gatsby,2.4,3
1271,1939,Drums Along the Mohawk,1.7,3
1272,1953,Island in the Sky,1.9,3
1273,1999,The Thrill Seekers,4.3,3
1274,1984,At Close Range,3.6,1
1275,2004,NBA Street Series: Dunks!: Vol. 2,1.7,2
1276,1978,Challenge of the Superfriends: Attack of the Legion of Doom,2.7,2
1277,1988,Red Dwarf: Series 3,4.8,2
1278,1990,The Field,2.7,2
1279,1969,The Hee Haw Collection,2.3,1
1280,1989,Campion: Look to the Lady,4.6,3
1281,1986,Royal Warriors,1.5,1
1282,2002,Blind Spot: Hitler's Secretary,2.7,3
1283,2001,Inch' Allah Dimanche,2.6,3
1284,2000,Foul King,3.6,1
1285,2001,Phase IV,2.3,1
1287,1977,Breaker Breaker,1.6,1
1288,2004,10 Minute Solution: Pilates,2.9,2
1289,1990,Look Who's Talking Too,3.2,3
1290,2000,Hitler's Lost Sub: Nova,1.6,3
1291,1960,The Twilight Zone: Vol. 19,1.6,2
1292,2002,Ararat,3,2
1293,1996,Children of the Corn 4: The Gathering,3.2,1
1294,2004,The Gunman,3.2,3
1295,1983,Strange Brew,2.9,1
1296,1994,No Ordinary Love,2.9,3
1297,1999,Agnes Browne,3,1
1298,2000,Hellraiser V: Inferno,2.4,3
1299,1972,Scooby-Doo Meets Batman,4.8,1
1300,1973,Return of the Dragon,1.2,3
1301,2000,Chasing Sleep,2.9,1
1302,1983,The Indomitable Teddy Roosevelt,2.9,3
1303,2001,Horse Crazy,4.8,3
1304,2003,Moon Child,1.5,2
1305,2003,Thirteen,2.3,3
1306,2005,Baby Einstein: Baby Monet: Discovering the Seasons,1.3,2
1307,2003,S.W.A.T.,3.1,3
1308,1959,No Name on the Bullet,4.6,2
1309,1982,Jammin' with the Blues Greats,3,2
1310,2002,Revelation,3.3,3
1311,2005,Platinum Comedy Series: Earthquake: About Got Damm Time!,3.8,3
1312,1990,The Prisoner,3.9,3
1313,2004,The Wiggles: Wiggle Time,1.3,1
1314,1990,Presumed Innocent,4.1,3
1315,2001,Guns and Talks,4,1
1316,2003,Voices of a Distant Star,1.9,3
1317,1961,King of Kings,1.1,2
1318,1985,Baby: Secret of the Lost Legend,4.1,3
1319,1986,Nomads,3.6,3
1320,1965,Baby the Rain Must Fall,3.2,1
1321,2005,Midori Days,1.2,2
1322,2001,Yosemite: The World's Most Spectacular Valley,1.2,2
1323,1997,Afterglow,4.2,1
1324,1994,The Professional,1.3,2
1325,2000,Por La Libre,3.4,2
1326,2000,Madonna: Music,3.8,3
1327,1937,You Only Live Once,3.4,1
1328,2004,Stellaluna,4.6,2
1329,1998,He Got Game,4.9,3
1330,2004,Extreme Engineering: Subways in America,1.7,2
1331,1993,Happily Ever After,4.5,3
1332,1954,Sherlock Holmes,3.4,1
1333,1980,Mother's Day,2.7,1
1334,1999,Freeway 2: Confessions of a Trickbaby,4.9,1
1335,2002,Paul McCartney: Back in the U.S.,4.8,1
1336,1994,Wolf,3.1,2
1337,2004,Voltage Fighter Gowcaizer,3.8,1
1338,1964,The Patsy,4.3,2
1339,1982,Fat Albert's Easter Special,2.2,3
1340,1993,Strapped,4.8,1
1341,2004,Bob Hope: The Ultimate Collection,4.1,1
1342,2003,Bog Creatures,3,3
1343,1999,Strange Planet,1.2,1
1344,2003,Apollo 11: Men on the Moon,2.1,2
1345,1996,Tierra,2.2,3
1346,1967,The Gnome-Mobile,1.8,1
1347,2000,Angel Sanctuary,1.3,3
1348,2000,The Last Stop,3.5,3
1349,2003,Baby Human,3.8,1
1350,2000,Midsomer Murders: Blue Herrings,4.3,2
1351,2002,Yes: Symphonic Live,2.8,1
1352,2003,Homeless to Harvard,1.4,2
1353,1958,Mon Oncle,4.1,1
1354,1968,Targets,3.9,3
1355,2004,Family Business: Season 2,3.9,1
1356,1980,Too Close for Comfort: Season 1,2.2,2
1357,2003,Stargate SG-1: Season 7,1.5,3
1358,2002,Empires: Martin Luther,3.7,2
1359,1975,Funny Lady,1.1,2
1360,2003,Emmanuelle in Rio,4.1,3
1361,2002,Play'd: A Hip-Hop Story,3,1
1362,2003,NHL Stanley Cup 2003,2.1,2
1363,1993,Leprechaun,3.5,3
1364,2003,Normal,3.8,2
1365,1998,Kurt & Courtney,2.6,3
1366,2001,Tempted,3,2
1367,1993,The Piano,4.5,1
1368,2002,Ozzy Osbourne: Double O: Unauthorized,1.5,1
1369,1996,Breeders,3,1
1370,1976,Marathon Man,3.4,1
1371,1994,Death Machine,2.9,3
1372,2002,Liberty Stands Still,1.8,3
1373,1993,The Program,4.4,1
1374,2004,Profile of a Serial Killer,3.8,1
1375,2002,Food of Love,3.2,3
1376,2004,The Vicar of Dibley: 10th Anniversary Specials,4.7,2
1377,1958,The Bat / House on Haunted Hill,4.4,3
1378,2003,Breakthru Pilates Sculpt,4.7,3
1379,2003,Dancing to New Orleans,4,2
1380,1991,Mobile Suit Gundam: F91: The Motion Picture,5,3
1381,1995,Mouth to Mouth,1,3
1382,2005,Jet Li and the Legend of Wong Fei Hung: Unconquered / Tiger of Canton / Southern Fist Kung Fu,2,1
1383,1998,God.com,2.7,1
1384,1973,Walking Tall,4,2
1385,1972,Greaser's Palace,3.8,2
1386,2002,Video Visits: China,1.7,1
1387,1999,The Girl Next Door,4.2,3
1388,1983,Spring Symphony,4.4,2
1389,2003,Baby Neptune: Discovering Water,2.1,3
1390,2005,Ben Franklin,3.4,3
1391,1993,Yanni: Live at the Acropolis,1.2,2
1392,2002,Live From Baghdad,4.8,1
1393,1998,Mr. Murder,4.7,3
1394,1999,Bringing Out the Dead,1.9,1
1395,1963,Charade,2.4,1
1396,2004,Kaleido Star,1.9,2
1397,2004,Beethoven: The Sound and the Fury,3.7,1
1398,1999,Dangerous Evidence: The Lori Jackson Story,2.2,2
1399,1984,1984,3.5,1
1400,2000,Britney Spears: Britney in Hawaii: Live and More,3.5,2
1401,1992,Passion Fish,4.6,2
1402,1993,Inspector Morse 28: Twilight of the Gods,2.4,2
1403,2000,Komodo,1.2,2
1404,1985,Ray Bradbury Theater,3.2,2
1405,1961,Cleo from 5 to 7,2.6,3
1406,1991,Hook,1.9,2
1407,1921,Orphans of the Storm,1.9,3
1408,1999,The Limey,2.1,3
1409,2003,The O.C.: Season 1,3.5,1
1410,1974,Muhammad Ali: The Greatest 1964 - 74,4.5,1
1411,2001,China: The Panda Adventure: IMAX,4.4,2
1412,2001,Sordid Lives,3.3,1
1413,1998,The Life and Times of Hank Greenberg,1.4,3
1414,2003,Manhood,3.9,3
1415,1933,W.C. Fields: International House,3.2,2
1416,2003,Beckett on Film,4.3,2
1417,2002,Shakedown,2.6,2
1418,2002,Inu-Yasha: The Movie 3: Swords of an Honorable Ruler,1.4,1
1419,1975,Madame Bovary,3.5,3
1420,2000,Uncle Saddam,3.3,1
1421,1981,My Dinner with Andre,3.9,1
1422,2005,Casino: 10th Anniversary Edition: Bonus Material,2.8,1
1423,1999,Blind Date: Freaks & Weirdos Uncensored,2.3,3
1424,2000,Beautiful Joe,4.4,3
1425,1987,No Way Out,1.1,3
1426,1994,Go Fish,4.2,3
1427,1998,Sweepers,1.4,1
1428,2003,The Recruit,2.4,2
1429,2004,The Halfway House: Special Edition (Unrated Director's Cut),1,2
1430,2001,The House Next Door,3.9,3
1431,1998,Legalese,2.6,2
1432,1999,Ride with the Devil,2.2,2
1433,1942,Casablanca: Bonus Material,4.7,2
1434,1992,Are You Being Served? Again: The Complete Series,4.6,2
1435,2001,Wallace & Gromit in Three Amazing Adventures,3.7,3
1436,1939,Seabiscuit: The Lost Documentary,3.8,3
1437,1982,The Marx Brothers in a Nutshell,2.9,2
1438,1999,Children of the Corn 666: Isaac's Return,3.5,2
1439,2002,The Three Pickers,1.3,2
1440,2004,Overhaulin': Season 1,3.2,3
1441,1998,Stargate SG-1: Season 2,1.1,2
1442,2001,Sade: Life Promise Pride Love,1.2,1
1443,1987,21 Jump Street: Season 2,2.3,3
1444,2001,Pride FC: The Return of the Warriors,3,3
1445,2005,Street Fighter Alpha: Generations,4.1,1
1446,1997,Waco: The Rules of Engagement,2.9,2
1447,2000,Gangster No. 1,4.9,2
1448,1999,Blue Submarine 6,3.9,2
1449,1996,The Gingko Bed,4.9,2
1450,1993,Geronimo: An American Legend,2.4,2
1451,1976,The Big Bus,1.6,3
1452,2001,Perfume,4.7,1
1453,1996,Van Halen: Video Hits: Vol. 1,4.9,3
1454,2004,Fangoria Blood Drive,2.3,3
1455,2003,Belly of the Beast,4.7,3
1456,1995,Nina Takes a Lover,3.2,3
1457,1973,The White Seal / A Cricket in Times Square,4.3,3
1458,1936,Popeye,4.2,3
1459,2001,Dark Asylum,5,3
1460,1996,Soul of the Game,4.2,2
1461,2002,Gravion,4.3,1
1462,2004,Funny Ladies of British Comedy,3.4,2
1463,1982,Britannia Hospital,2.7,2
1464,2001,Pistol Opera,4.8,3
1465,2001,Hysteria: The Def Leppard Story,3.8,1
1466,1969,Midnight Cowboy,1.1,2
1467,1993,Three Musketeers,4.5,3
1468,1968,The Diamond Arm,2.1,2
1469,2000,Girls Can't Swim,1.1,2
1470,2002,Bend It Like Beckham,2.8,3
1471,2004,Voices of Iraq,2.2,1
1472,2004,The Stink of Flesh,4.4,2
1473,2004,Sesame Street: Learning About Letters,2.4,1
1474,2003,Classic Country Comedy,1.6,1
1475,1990,Brain Dead,3.4,2
1476,2004,Six Feet Under: Season 4,3.2,1
1477,1969,Aradhana,2.2,2
1478,2002,Colin's Sleazy Friends Rocks,1.6,3
1479,2002,Man on the Train,1.8,2
1480,1988,Cold Summer of 1953,1.7,3
1481,2001,Porn Star: The Legend of Ron Jeremy,1.3,2
1482,2003,Beyond Borders,5,3
1483,2003,Interstella 5555 (Daft Punk),4.7,1
1484,1958,Fiend Without a Face,2.6,3
1485,2002,Leaving Metropolis,3.7,1
1486,2004,King Arthur: The Truth Behind the Legend,1.4,3
1487,2003,Infernal Affairs III,3,1
1488,1999,King of the Hill: Season 4,2.7,3
1489,2002,American Adobo,2,2
1490,2001,Knight Hunters Eternity,2,3
1491,2004,Dream Theater: Live at Budokan,2.3,1
1492,1984,Rhinestone,2.9,1
1493,1980,John Lee Hooker: Live in Montreal: Montreal Jazz Festival,3.1,1
1494,2000,Appalachian Journey: Yo-Yo Ma/Edgar Meyer/Mark O'Connor,4.3,3
1495,2001,Alias: Season 1,2.1,1
1496,2002,Korn: Kornography: Unauthorized Biography,3.2,2
1497,2003,Red Water,4.9,1
1498,2001,Johnny Winter: Pieces and Bits,1.4,1
1499,2000,FLCL,4.2,3
1500,1987,Miss Marple: Collection 2,3.1,1